Seeing,Education,Locality,Sex,5-9,10-14,15-17,18-19,20-24,25-29,30-34,35-39,40-44,45-49,50-54,55-59,60-64,65-69,70-74,75-79,80-84,85-89,90-94,95-99,100+
Cannot see at all,Never attended,Rural,Male,0,0,0,0,0,0,0,0,0,0,0,0,0,0,0,0,0,0,0,0,0
Cannot see at all,Never attended,Rural,Female,0,0,0,0,0,0,0,0,0,0,0,0,0,0,0,0,0,0,0,0,0
Cannot see at all,Never attended,Urban,Male,0,0,0,0,0,0,0,0,0,0,0,0,0,0,0,0,0,0,0,0,0
Cannot see at all,Never attended,Urban,Female,0,0,0,0,0,0,0,0,0,0,0,0,0,0,0,0,0,0,0,0,0
Cannot see at all,Nursery,Rural,Male,0,0,0,0,0,0,0,0,0,0,0,0,0,0,0,0,0,0,0,0,0
Cannot see at all,Nursery,Rural,Female,0,0,0,0,0,0,0,0,0,0,0,0,0,0,0,0,0,0,0,0,0
Cannot see at all,Nursery,Urban,Male,0,0,0,0,0,0,0,0,0,0,0,0,0,0,0,0,0,0,0,0,0
Cannot see at all,Nursery,Urban,Female,0,0,0,0,0,0,0,0,0,0,0,0,0,0,0,0,0,0,0,0,0
Cannot see at all,Kindergarten,Rural,Male,0,0,0,0,0,0,0,0,0,0,0,0,0,0,0,0,0,0,0,0,0
Cannot see at all,Kindergarten,Rural,Female,0,0,0,0,0,0,0,0,0,0,0,0,0,0,0,0,0,0,0,0,0
Cannot see at all,Kindergarten,Urban,Male,0,0,0,0,0,0,0,0,0,0,0,0,0,0,0,0,0,0,0,0,0
Cannot see at all,Kindergarten,Urban,Female,0,0,0,0,0,0,0,0,0,0,0,0,0,0,0,0,0,0,0,0,0
Cannot see at all,Primary,Rural,Male,0,0,0,0,0,0,0,0,0,0,0,0,0,0,0,0,0,0,0,0,0
Cannot see at all,Primary,Rural,Female,0,0,0,0,0,0,0,0,0,0,0,0,0,0,0,0,0,0,0,0,0
Cannot see at all,Primary,Urban,Male,0,0,0,0,0,0,0,0,0,0,0,0,0,0,0,0,0,0,0,0,0
Cannot see at all,Primary,Urban,Female,0,0,0,0,0,0,0,0,0,0,0,0,0,0,0,0,0,0,0,0,0
Cannot see at all,JSS/JHS,Rural,Male,0,0,0,0,0,0,0,0,0,0,0,0,0,0,0,0,0,0,0,0,0
Cannot see at all,JSS/JHS,Rural,Female,0,0,0,0,0,0,0,0,0,0,0,0,0,0,0,0,0,0,0,0,0
Cannot see at all,JSS/JHS,Urban,Male,0,0,0,0,0,0,0,0,0,0,0,0,0,0,0,0,0,0,0,0,0
Cannot see at all,JSS/JHS,Urban,Female,0,0,0,0,0,0,0,0,0,0,0,0,0,0,0,0,0,0,0,0,0
Cannot see at all,Middle,Rural,Male,0,0,0,0,0,0,0,0,0,0,0,0,0,0,0,0,0,0,0,0,0
Cannot see at all,Middle,Rural,Female,0,0,0,0,0,0,0,0,0,0,0,0,0,0,0,0,0,0,0,0,0
Cannot see at all,Middle,Urban,Male,0,0,0,0,0,0,0,0,0,0,0,0,0,0,0,0,0,0,0,0,0
Cannot see at all,Middle,Urban,Female,0,0,0,0,0,0,0,0,0,0,0,0,0,0,0,0,0,0,0,0,0
Cannot see at all,SSS/SHS,Rural,Male,0,0,0,0,0,0,0,0,0,0,0,0,0,0,0,0,0,0,0,0,0
Cannot see at all,SSS/SHS,Rural,Female,0,0,0,0,0,0,0,0,0,0,0,0,0,0,0,0,0,0,0,0,0
Cannot see at all,SSS/SHS,Urban,Male,0,0,0,0,0,0,0,0,0,0,0,0,0,0,0,0,0,0,0,0,0
Cannot see at all,SSS/SHS,Urban,Female,0,0,0,0,0,0,0,0,0,0,0,0,0,0,0,0,0,0,0,0,0
Cannot see at all,Secondary,Rural,Male,0,0,0,0,0,0,0,0,0,0,0,0,0,0,0,0,0,0,0,0,0
Cannot see at all,Secondary,Rural,Female,0,0,0,0,0,0,0,0,0,0,0,0,0,0,0,0,0,0,0,0,0
Cannot see at all,Secondary,Urban,Male,0,0,0,0,0,0,0,0,0,0,0,0,0,0,0,0,0,0,0,0,0
Cannot see at all,Secondary,Urban,Female,0,0,0,0,0,0,0,0,0,0,0,0,0,0,0,0,0,0,0,0,0
Cannot see at all,Voc/technical/commercial,Rural,Male,0,0,0,0,0,0,0,0,0,0,0,0,0,0,0,0,0,0,0,0,0
Cannot see at all,Voc/technical/commercial,Rural,Female,0,0,0,0,0,0,0,0,0,0,0,0,0,0,0,0,0,0,0,0,0
Cannot see at all,Voc/technical/commercial,Urban,Male,0,0,0,0,0,0,0,0,0,0,0,0,0,0,0,0,0,0,0,0,0
Cannot see at all,Voc/technical/commercial,Urban,Female,0,0,0,0,0,0,0,0,0,0,0,0,0,0,0,0,0,0,0,0,0
Cannot see at all,Post middle/secondary Certificate,Rural,Male,0,0,0,0,0,0,0,0,0,0,0,0,0,0,0,0,0,0,0,0,0
Cannot see at all,Post middle/secondary Certificate,Rural,Female,0,0,0,0,0,0,0,0,0,0,0,0,0,0,0,0,0,0,0,0,0
Cannot see at all,Post middle/secondary Certificate,Urban,Male,0,0,0,0,0,0,0,0,0,0,0,0,0,0,0,0,0,0,0,0,0
Cannot see at all,Post middle/secondary Certificate,Urban,Female,0,0,0,0,0,0,0,0,0,0,0,0,0,0,0,0,0,0,0,0,0
Cannot see at all,Post middle/secondary Diploma,Rural,Male,0,0,0,0,0,0,0,0,0,0,0,0,0,0,0,0,0,0,0,0,0
Cannot see at all,Post middle/secondary Diploma,Rural,Female,0,0,0,0,0,0,0,0,0,0,0,0,0,0,0,0,0,0,0,0,0
Cannot see at all,Post middle/secondary Diploma,Urban,Male,0,0,0,0,0,0,0,0,0,0,0,0,0,0,0,0,0,0,0,0,0
Cannot see at all,Post middle/secondary Diploma,Urban,Female,0,0,0,0,0,0,0,0,0,0,0,0,0,0,0,0,0,0,0,0,0
Cannot see at all,Tertiary/HND,Rural,Male,0,0,0,0,0,0,0,0,0,0,0,0,0,0,0,0,0,0,0,0,0
Cannot see at all,Tertiary/HND,Rural,Female,0,0,0,0,0,0,0,0,0,0,0,0,0,0,0,0,0,0,0,0,0
Cannot see at all,Tertiary/HND,Urban,Male,0,0,0,0,0,0,0,0,0,0,0,0,0,0,0,0,0,0,0,0,0
Cannot see at all,Tertiary/HND,Urban,Female,0,0,0,0,0,0,0,0,0,0,0,0,0,0,0,0,0,0,0,0,0
Cannot see at all,Tertiary - Bachelor's Degree,Rural,Male,0,0,0,0,0,0,0,0,0,0,0,0,0,0,0,0,0,0,0,0,0
Cannot see at all,Tertiary - Bachelor's Degree,Rural,Female,0,0,0,0,0,0,0,0,0,0,0,0,0,0,0,0,0,0,0,0,0
Cannot see at all,Tertiary - Bachelor's Degree,Urban,Male,0,0,0,0,0,0,0,0,0,0,0,0,0,0,0,0,0,0,0,0,0
Cannot see at all,Tertiary - Bachelor's Degree,Urban,Female,0,0,0,0,0,0,0,0,0,0,0,0,0,0,0,0,0,0,0,0,0
Cannot see at all,Tertiary - Post graduate Certificate/Diploma,Rural,Male,0,0,0,0,0,0,0,0,0,0,0,0,0,0,0,0,0,0,0,0,0
Cannot see at all,Tertiary - Post graduate Certificate/Diploma,Rural,Female,0,0,0,0,0,0,0,0,0,0,0,0,0,0,0,0,0,0,0,0,0
Cannot see at all,Tertiary - Post graduate Certificate/Diploma,Urban,Male,0,0,0,0,0,0,0,0,0,0,0,0,0,0,0,0,0,0,0,0,0
Cannot see at all,Tertiary - Post graduate Certificate/Diploma,Urban,Female,0,0,0,0,0,0,0,0,0,0,0,0,0,0,0,0,0,0,0,0,0
Cannot see at all,Tertiary - Master's Degree,Rural,Male,0,0,0,0,0,0,0,0,0,0,0,0,0,0,0,0,0,0,0,0,0
Cannot see at all,Tertiary - Master's Degree,Rural,Female,0,0,0,0,0,0,0,0,0,0,0,0,0,0,0,0,0,0,0,0,0
Cannot see at all,Tertiary - Master's Degree,Urban,Male,0,0,0,0,0,0,0,0,0,0,0,0,0,0,0,0,0,0,0,0,0
Cannot see at all,Tertiary - Master's Degree,Urban,Female,0,0,0,0,0,0,0,0,0,0,0,0,0,0,0,0,0,0,0,0,0
Cannot see at all,Tertiary - PhD,Rural,Male,0,0,0,0,0,0,0,0,0,0,0,0,0,0,0,0,0,0,0,0,0
Cannot see at all,Tertiary - PhD,Rural,Female,0,0,0,0,0,0,0,0,0,0,0,0,0,0,0,0,0,0,0,0,0
Cannot see at all,Tertiary - PhD,Urban,Male,0,0,0,0,0,0,0,0,0,0,0,0,0,0,0,0,0,0,0,0,0
Cannot see at all,Tertiary - PhD,Urban,Female,0,0,0,0,0,0,0,0,0,0,0,0,0,0,0,0,0,0,0,0,0
Cannot see at all,Other (specify),Rural,Male,0,0,0,0,0,0,0,0,0,0,0,0,0,0,0,0,0,0,0,0,0
Cannot see at all,Other (specify),Rural,Female,0,0,0,0,0,0,0,0,0,0,0,0,0,0,0,0,0,0,0,0,0
Cannot see at all,Other (specify),Urban,Male,0,0,0,0,0,0,0,0,0,0,0,0,0,0,0,0,0,0,0,0,0
Cannot see at all,Other (specify),Urban,Female,0,0,0,0,0,0,0,0,0,0,0,0,0,0,0,0,0,0,0,0,0
No difficulty,Never attended,Rural,Male,0,0,0,0,0,0,0,0,0,0,0,0,0,0,0,0,0,0,0,0,0
No difficulty,Never attended,Rural,Female,0,0,0,0,0,0,0,0,0,0,0,0,0,0,0,0,0,0,0,0,0
No difficulty,Never attended,Urban,Male,0,0,0,0,0,0,0,0,0,0,0,0,0,0,0,0,0,0,0,0,0
No difficulty,Never attended,Urban,Female,0,0,0,0,0,0,0,0,0,0,0,0,0,0,0,0,0,0,0,0,0
No difficulty,Nursery,Rural,Male,0,0,0,0,0,0,0,0,0,0,0,0,0,0,0,0,0,0,0,0,0
No difficulty,Nursery,Rural,Female,0,0,0,0,0,0,0,0,0,0,0,0,0,0,0,0,0,0,0,0,0
No difficulty,Nursery,Urban,Male,0,0,0,0,0,0,0,0,0,0,0,0,0,0,0,0,0,0,0,0,0
No difficulty,Nursery,Urban,Female,0,0,0,0,0,0,0,0,0,0,0,0,0,0,0,0,0,0,0,0,0
No difficulty,Kindergarten,Rural,Male,0,0,0,0,0,0,0,0,0,0,0,0,0,0,0,0,0,0,0,0,0
No difficulty,Kindergarten,Rural,Female,0,0,0,0,0,0,0,0,0,0,0,0,0,0,0,0,0,0,0,0,0
No difficulty,Kindergarten,Urban,Male,0,0,0,0,0,0,0,0,0,0,0,0,0,0,0,0,0,0,0,0,0
No difficulty,Kindergarten,Urban,Female,0,0,0,0,0,0,0,0,0,0,0,0,0,0,0,0,0,0,0,0,0
No difficulty,Primary,Rural,Male,0,0,0,0,0,0,0,0,0,0,0,0,0,0,0,0,0,0,0,0,0
No difficulty,Primary,Rural,Female,0,0,0,0,0,0,0,0,0,0,0,0,0,0,0,0,0,0,0,0,0
No difficulty,Primary,Urban,Male,0,0,0,0,0,0,0,0,0,0,0,0,0,0,0,0,0,0,0,0,0
No difficulty,Primary,Urban,Female,0,0,0,0,0,0,0,0,0,0,0,0,0,0,0,0,0,0,0,0,0
No difficulty,JSS/JHS,Rural,Male,0,0,0,0,0,0,0,0,0,0,0,0,0,0,0,0,0,0,0,0,0
No difficulty,JSS/JHS,Rural,Female,0,0,0,0,0,0,0,0,0,0,0,0,0,0,0,0,0,0,0,0,0
No difficulty,JSS/JHS,Urban,Male,0,0,0,0,0,0,0,0,0,0,0,0,0,0,0,0,0,0,0,0,0
No difficulty,JSS/JHS,Urban,Female,0,0,0,0,0,0,0,0,0,0,0,0,0,0,0,0,0,0,0,0,0
No difficulty,Middle,Rural,Male,0,0,0,0,0,0,0,0,0,0,0,0,0,0,0,0,0,0,0,0,0
No difficulty,Middle,Rural,Female,0,0,0,0,0,0,0,0,0,0,0,0,0,0,0,0,0,0,0,0,0
No difficulty,Middle,Urban,Male,0,0,0,0,0,0,0,0,0,0,0,0,0,0,0,0,0,0,0,0,0
No difficulty,Middle,Urban,Female,0,0,0,0,0,0,0,0,0,0,0,0,0,0,0,0,0,0,0,0,0
No difficulty,SSS/SHS,Rural,Male,0,0,0,0,0,0,0,0,0,0,0,0,0,0,0,0,0,0,0,0,0
No difficulty,SSS/SHS,Rural,Female,0,0,0,0,0,0,0,0,0,0,0,0,0,0,0,0,0,0,0,0,0
No difficulty,SSS/SHS,Urban,Male,0,0,0,0,0,0,0,0,0,0,0,0,0,0,0,0,0,0,0,0,0
No difficulty,SSS/SHS,Urban,Female,0,0,0,0,0,0,0,0,0,0,0,0,0,0,0,0,0,0,0,0,0
No difficulty,Secondary,Rural,Male,0,0,0,0,0,0,0,0,0,0,0,0,0,0,0,0,0,0,0,0,0
No difficulty,Secondary,Rural,Female,0,0,0,0,0,0,0,0,0,0,0,0,0,0,0,0,0,0,0,0,0
No difficulty,Secondary,Urban,Male,0,0,0,0,0,0,0,0,0,0,0,0,0,0,0,0,0,0,0,0,0
No difficulty,Secondary,Urban,Female,0,0,0,0,0,0,0,0,0,0,0,0,0,0,0,0,0,0,0,0,0
No difficulty,Voc/technical/commercial,Rural,Male,0,0,0,0,0,0,0,0,0,0,0,0,0,0,0,0,0,0,0,0,0
No difficulty,Voc/technical/commercial,Rural,Female,0,0,0,0,0,0,0,0,0,0,0,0,0,0,0,0,0,0,0,0,0
No difficulty,Voc/technical/commercial,Urban,Male,0,0,0,0,0,0,0,0,0,0,0,0,0,0,0,0,0,0,0,0,0
No difficulty,Voc/technical/commercial,Urban,Female,0,0,0,0,0,0,0,0,0,0,0,0,0,0,0,0,0,0,0,0,0
No difficulty,Post middle/secondary Certificate,Rural,Male,0,0,0,0,0,0,0,0,0,0,0,0,0,0,0,0,0,0,0,0,0
No difficulty,Post middle/secondary Certificate,Rural,Female,0,0,0,0,0,0,0,0,0,0,0,0,0,0,0,0,0,0,0,0,0
No difficulty,Post middle/secondary Certificate,Urban,Male,0,0,0,0,0,0,0,0,0,0,0,0,0,0,0,0,0,0,0,0,0
No difficulty,Post middle/secondary Certificate,Urban,Female,0,0,0,0,0,0,0,0,0,0,0,0,0,0,0,0,0,0,0,0,0
No difficulty,Post middle/secondary Diploma,Rural,Male,0,0,0,0,0,0,0,0,0,0,0,0,0,0,0,0,0,0,0,0,0
No difficulty,Post middle/secondary Diploma,Rural,Female,0,0,0,0,0,0,0,0,0,0,0,0,0,0,0,0,0,0,0,0,0
No difficulty,Post middle/secondary Diploma,Urban,Male,0,0,0,0,0,0,0,0,0,0,0,0,0,0,0,0,0,0,0,0,0
No difficulty,Post middle/secondary Diploma,Urban,Female,0,0,0,0,0,0,0,0,0,0,0,0,0,0,0,0,0,0,0,0,0
No difficulty,Tertiary/HND,Rural,Male,0,0,0,0,0,0,0,0,0,0,0,0,0,0,0,0,0,0,0,0,0
No difficulty,Tertiary/HND,Rural,Female,0,0,0,0,0,0,0,0,0,0,0,0,0,0,0,0,0,0,0,0,0
No difficulty,Tertiary/HND,Urban,Male,0,0,0,0,0,0,0,0,0,0,0,0,0,0,0,0,0,0,0,0,0
No difficulty,Tertiary/HND,Urban,Female,0,0,0,0,0,0,0,0,0,0,0,0,0,0,0,0,0,0,0,0,0
No difficulty,Tertiary - Bachelor's Degree,Rural,Male,0,0,0,0,0,0,0,0,0,0,0,0,0,0,0,0,0,0,0,0,0
No difficulty,Tertiary - Bachelor's Degree,Rural,Female,0,0,0,0,0,0,0,0,0,0,0,0,0,0,0,0,0,0,0,0,0
No difficulty,Tertiary - Bachelor's Degree,Urban,Male,0,0,0,0,0,0,0,0,0,0,0,0,0,0,0,0,0,0,0,0,0
No difficulty,Tertiary - Bachelor's Degree,Urban,Female,0,0,0,0,0,0,0,0,0,0,0,0,0,0,0,0,0,0,0,0,0
No difficulty,Tertiary - Post graduate Certificate/Diploma,Rural,Male,0,0,0,0,0,0,0,0,0,0,0,0,0,0,0,0,0,0,0,0,0
No difficulty,Tertiary - Post graduate Certificate/Diploma,Rural,Female,0,0,0,0,0,0,0,0,0,0,0,0,0,0,0,0,0,0,0,0,0
No difficulty,Tertiary - Post graduate Certificate/Diploma,Urban,Male,0,0,0,0,0,0,0,0,0,0,0,0,0,0,0,0,0,0,0,0,0
No difficulty,Tertiary - Post graduate Certificate/Diploma,Urban,Female,0,0,0,0,0,0,0,0,0,0,0,0,0,0,0,0,0,0,0,0,0
No difficulty,Tertiary - Master's Degree,Rural,Male,0,0,0,0,0,0,0,0,0,0,0,0,0,0,0,0,0,0,0,0,0
No difficulty,Tertiary - Master's Degree,Rural,Female,0,0,0,0,0,0,0,0,0,0,0,0,0,0,0,0,0,0,0,0,0
No difficulty,Tertiary - Master's Degree,Urban,Male,0,0,0,0,0,0,0,0,0,0,0,0,0,0,0,0,0,0,0,0,0
No difficulty,Tertiary - Master's Degree,Urban,Female,0,0,0,0,0,0,0,0,0,0,0,0,0,0,0,0,0,0,0,0,0
No difficulty,Tertiary - PhD,Rural,Male,0,0,0,0,0,0,0,0,0,0,0,0,0,0,0,0,0,0,0,0,0
No difficulty,Tertiary - PhD,Rural,Female,0,0,0,0,0,0,0,0,0,0,0,0,0,0,0,0,0,0,0,0,0
No difficulty,Tertiary - PhD,Urban,Male,0,0,0,0,0,0,0,0,0,0,0,0,0,0,0,0,0,0,0,0,0
No difficulty,Tertiary - PhD,Urban,Female,0,0,0,0,0,0,0,0,0,0,0,0,0,0,0,0,0,0,0,0,0
No difficulty,Other (specify),Rural,Male,0,0,0,0,0,0,0,0,0,0,0,0,0,0,0,0,0,0,0,0,0
No difficulty,Other (specify),Rural,Female,0,0,0,0,0,0,0,0,0,0,0,0,0,0,0,0,0,0,0,0,0
No difficulty,Other (specify),Urban,Male,0,0,0,0,0,0,0,0,0,0,0,0,0,0,0,0,0,0,0,0,0
No difficulty,Other (specify),Urban,Female,0,0,0,0,0,0,0,0,0,0,0,0,0,0,0,0,0,0,0,0,0
"Yes, some difficulty",Never attended,Rural,Male,0,0,0,0,0,0,0,0,0,0,0,0,0,0,0,0,0,0,0,0,0
"Yes, some difficulty",Never attended,Rural,Female,0,0,0,0,0,0,0,0,0,0,0,0,0,0,0,0,0,0,0,0,0
"Yes, some difficulty",Never attended,Urban,Male,0,0,0,0,0,0,0,0,0,0,0,0,0,0,0,0,0,0,0,0,0
"Yes, some difficulty",Never attended,Urban,Female,0,0,0,0,0,0,0,0,0,0,0,0,0,0,0,0,0,0,0,0,0
"Yes, some difficulty",Nursery,Rural,Male,0,0,0,0,0,0,0,0,0,0,0,0,0,0,0,0,0,0,0,0,0
"Yes, some difficulty",Nursery,Rural,Female,0,0,0,0,0,0,0,0,0,0,0,0,0,0,0,0,0,0,0,0,0
"Yes, some difficulty",Nursery,Urban,Male,0,0,0,0,0,0,0,0,0,0,0,0,0,0,0,0,0,0,0,0,0
"Yes, some difficulty",Nursery,Urban,Female,0,0,0,0,0,0,0,0,0,0,0,0,0,0,0,0,0,0,0,0,0
"Yes, some difficulty",Kindergarten,Rural,Male,0,0,0,0,0,0,0,0,0,0,0,0,0,0,0,0,0,0,0,0,0
"Yes, some difficulty",Kindergarten,Rural,Female,0,0,0,0,0,0,0,0,0,0,0,0,0,0,0,0,0,0,0,0,0
"Yes, some difficulty",Kindergarten,Urban,Male,0,0,0,0,0,0,0,0,0,0,0,0,0,0,0,0,0,0,0,0,0
"Yes, some difficulty",Kindergarten,Urban,Female,0,0,0,0,0,0,0,0,0,0,0,0,0,0,0,0,0,0,0,0,0
"Yes, some difficulty",Primary,Rural,Male,0,0,0,0,0,0,0,0,0,0,0,0,0,0,0,0,0,0,0,0,0
"Yes, some difficulty",Primary,Rural,Female,0,0,0,0,0,0,0,0,0,0,0,0,0,0,0,0,0,0,0,0,0
"Yes, some difficulty",Primary,Urban,Male,0,0,0,0,0,0,0,0,0,0,0,0,0,0,0,0,0,0,0,0,0
"Yes, some difficulty",Primary,Urban,Female,0,0,0,0,0,0,0,0,0,0,0,0,0,0,0,0,0,0,0,0,0
"Yes, some difficulty",JSS/JHS,Rural,Male,0,0,0,0,0,0,0,0,0,0,0,0,0,0,0,0,0,0,0,0,0
"Yes, some difficulty",JSS/JHS,Rural,Female,0,0,0,0,0,0,0,0,0,0,0,0,0,0,0,0,0,0,0,0,0
"Yes, some difficulty",JSS/JHS,Urban,Male,0,0,0,0,0,0,0,0,0,0,0,0,0,0,0,0,0,0,0,0,0
"Yes, some difficulty",JSS/JHS,Urban,Female,0,0,0,0,0,0,0,0,0,0,0,0,0,0,0,0,0,0,0,0,0
"Yes, some difficulty",Middle,Rural,Male,0,0,0,0,0,0,0,0,0,0,0,0,0,0,0,0,0,0,0,0,0
"Yes, some difficulty",Middle,Rural,Female,0,0,0,0,0,0,0,0,0,0,0,0,0,0,0,0,0,0,0,0,0
"Yes, some difficulty",Middle,Urban,Male,0,0,0,0,0,0,0,0,0,0,0,0,0,0,0,0,0,0,0,0,0
"Yes, some difficulty",Middle,Urban,Female,0,0,0,0,0,0,0,0,0,0,0,0,0,0,0,0,0,0,0,0,0
"Yes, some difficulty",SSS/SHS,Rural,Male,0,0,0,0,0,0,0,0,0,0,0,0,0,0,0,0,0,0,0,0,0
"Yes, some difficulty",SSS/SHS,Rural,Female,0,0,0,0,0,0,0,0,0,0,0,0,0,0,0,0,0,0,0,0,0
"Yes, some difficulty",SSS/SHS,Urban,Male,0,0,0,0,0,0,0,0,0,0,0,0,0,0,0,0,0,0,0,0,0
"Yes, some difficulty",SSS/SHS,Urban,Female,0,0,0,0,0,0,0,0,0,0,0,0,0,0,0,0,0,0,0,0,0
"Yes, some difficulty",Secondary,Rural,Male,0,0,0,0,0,0,0,0,0,0,0,0,0,0,0,0,0,0,0,0,0
"Yes, some difficulty",Secondary,Rural,Female,0,0,0,0,0,0,0,0,0,0,0,0,0,0,0,0,0,0,0,0,0
"Yes, some difficulty",Secondary,Urban,Male,0,0,0,0,0,0,0,0,0,0,0,0,0,0,0,0,0,0,0,0,0
"Yes, some difficulty",Secondary,Urban,Female,0,0,0,0,0,0,0,0,0,0,0,0,0,0,0,0,0,0,0,0,0
"Yes, some difficulty",Voc/technical/commercial,Rural,Male,0,0,0,0,0,0,0,0,0,0,0,0,0,0,0,0,0,0,0,0,0
"Yes, some difficulty",Voc/technical/commercial,Rural,Female,0,0,0,0,0,0,0,0,0,0,0,0,0,0,0,0,0,0,0,0,0
"Yes, some difficulty",Voc/technical/commercial,Urban,Male,0,0,0,0,0,0,0,0,0,0,0,0,0,0,0,0,0,0,0,0,0
"Yes, some difficulty",Voc/technical/commercial,Urban,Female,0,0,0,0,0,0,0,0,0,0,0,0,0,0,0,0,0,0,0,0,0
"Yes, some difficulty",Post middle/secondary Certificate,Rural,Male,0,0,0,0,0,0,0,0,0,0,0,0,0,0,0,0,0,0,0,0,0
"Yes, some difficulty",Post middle/secondary Certificate,Rural,Female,0,0,0,0,0,0,0,0,0,0,0,0,0,0,0,0,0,0,0,0,0
"Yes, some difficulty",Post middle/secondary Certificate,Urban,Male,0,0,0,0,0,0,0,0,0,0,0,0,0,0,0,0,0,0,0,0,0
"Yes, some difficulty",Post middle/secondary Certificate,Urban,Female,0,0,0,0,0,0,0,0,0,0,0,0,0,0,0,0,0,0,0,0,0
"Yes, some difficulty",Post middle/secondary Diploma,Rural,Male,0,0,0,0,0,0,0,0,0,0,0,0,0,0,0,0,0,0,0,0,0
"Yes, some difficulty",Post middle/secondary Diploma,Rural,Female,0,0,0,0,0,0,0,0,0,0,0,0,0,0,0,0,0,0,0,0,0
"Yes, some difficulty",Post middle/secondary Diploma,Urban,Male,0,0,0,0,0,0,0,0,0,0,0,0,0,0,0,0,0,0,0,0,0
"Yes, some difficulty",Post middle/secondary Diploma,Urban,Female,0,0,0,0,0,0,0,0,0,0,0,0,0,0,0,0,0,0,0,0,0
"Yes, some difficulty",Tertiary/HND,Rural,Male,0,0,0,0,0,0,0,0,0,0,0,0,0,0,0,0,0,0,0,0,0
"Yes, some difficulty",Tertiary/HND,Rural,Female,0,0,0,0,0,0,0,0,0,0,0,0,0,0,0,0,0,0,0,0,0
"Yes, some difficulty",Tertiary/HND,Urban,Male,0,0,0,0,0,0,0,0,0,0,0,0,0,0,0,0,0,0,0,0,0
"Yes, some difficulty",Tertiary/HND,Urban,Female,0,0,0,0,0,0,0,0,0,0,0,0,0,0,0,0,0,0,0,0,0
"Yes, some difficulty",Tertiary - Bachelor's Degree,Rural,Male,0,0,0,0,0,0,0,0,0,0,0,0,0,0,0,0,0,0,0,0,0
"Yes, some difficulty",Tertiary - Bachelor's Degree,Rural,Female,0,0,0,0,0,0,0,0,0,0,0,0,0,0,0,0,0,0,0,0,0
"Yes, some difficulty",Tertiary - Bachelor's Degree,Urban,Male,0,0,0,0,0,0,0,0,0,0,0,0,0,0,0,0,0,0,0,0,0
"Yes, some difficulty",Tertiary - Bachelor's Degree,Urban,Female,0,0,0,0,0,0,0,0,0,0,0,0,0,0,0,0,0,0,0,0,0
"Yes, some difficulty",Tertiary - Post graduate Certificate/Diploma,Rural,Male,0,0,0,0,0,0,0,0,0,0,0,0,0,0,0,0,0,0,0,0,0
"Yes, some difficulty",Tertiary - Post graduate Certificate/Diploma,Rural,Female,0,0,0,0,0,0,0,0,0,0,0,0,0,0,0,0,0,0,0,0,0
"Yes, some difficulty",Tertiary - Post graduate Certificate/Diploma,Urban,Male,0,0,0,0,0,0,0,0,0,0,0,0,0,0,0,0,0,0,0,0,0
"Yes, some difficulty",Tertiary - Post graduate Certificate/Diploma,Urban,Female,0,0,0,0,0,0,0,0,0,0,0,0,0,0,0,0,0,0,0,0,0
"Yes, some difficulty",Tertiary - Master's Degree,Rural,Male,0,0,0,0,0,0,0,0,0,0,0,0,0,0,0,0,0,0,0,0,0
"Yes, some difficulty",Tertiary - Master's Degree,Rural,Female,0,0,0,0,0,0,0,0,0,0,0,0,0,0,0,0,0,0,0,0,0
"Yes, some difficulty",Tertiary - Master's Degree,Urban,Male,0,0,0,0,0,0,0,0,0,0,0,0,0,0,0,0,0,0,0,0,0
"Yes, some difficulty",Tertiary - Master's Degree,Urban,Female,0,0,0,0,0,0,0,0,0,0,0,0,0,0,0,0,0,0,0,0,0
"Yes, some difficulty",Tertiary - PhD,Rural,Male,0,0,0,0,0,0,0,0,0,0,0,0,0,0,0,0,0,0,0,0,0
"Yes, some difficulty",Tertiary - PhD,Rural,Female,0,0,0,0,0,0,0,0,0,0,0,0,0,0,0,0,0,0,0,0,0
"Yes, some difficulty",Tertiary - PhD,Urban,Male,0,0,0,0,0,0,0,0,0,0,0,0,0,0,0,0,0,0,0,0,0
"Yes, some difficulty",Tertiary - PhD,Urban,Female,0,0,0,0,0,0,0,0,0,0,0,0,0,0,0,0,0,0,0,0,0
"Yes, some difficulty",Other (specify),Rural,Male,0,0,0,0,0,0,0,0,0,0,0,0,0,0,0,0,0,0,0,0,0
"Yes, some difficulty",Other (specify),Rural,Female,0,0,0,0,0,0,0,0,0,0,0,0,0,0,0,0,0,0,0,0,0
"Yes, some difficulty",Other (specify),Urban,Male,0,0,0,0,0,0,0,0,0,0,0,0,0,0,0,0,0,0,0,0,0
"Yes, some difficulty",Other (specify),Urban,Female,0,0,0,0,0,0,0,0,0,0,0,0,0,0,0,0,0,0,0,0,0
"Yes, a lot of difficulty",Never attended,Rural,Male,0,0,0,0,0,0,0,0,0,0,0,0,0,0,0,0,0,0,0,0,0
"Yes, a lot of difficulty",Never attended,Rural,Female,0,0,0,0,0,0,0,0,0,0,0,0,0,0,0,0,0,0,0,0,0
"Yes, a lot of difficulty",Never attended,Urban,Male,0,0,0,0,0,0,0,0,0,0,0,0,0,0,0,0,0,0,0,0,0
"Yes, a lot of difficulty",Never attended,Urban,Female,0,0,0,0,0,0,0,0,0,0,0,0,0,0,0,0,0,0,0,0,0
"Yes, a lot of difficulty",Nursery,Rural,Male,0,0,0,0,0,0,0,0,0,0,0,0,0,0,0,0,0,0,0,0,0
"Yes, a lot of difficulty",Nursery,Rural,Female,0,0,0,0,0,0,0,0,0,0,0,0,0,0,0,0,0,0,0,0,0
"Yes, a lot of difficulty",Nursery,Urban,Male,0,0,0,0,0,0,0,0,0,0,0,0,0,0,0,0,0,0,0,0,0
"Yes, a lot of difficulty",Nursery,Urban,Female,0,0,0,0,0,0,0,0,0,0,0,0,0,0,0,0,0,0,0,0,0
"Yes, a lot of difficulty",Kindergarten,Rural,Male,0,0,0,0,0,0,0,0,0,0,0,0,0,0,0,0,0,0,0,0,0
"Yes, a lot of difficulty",Kindergarten,Rural,Female,0,0,0,0,0,0,0,0,0,0,0,0,0,0,0,0,0,0,0,0,0
"Yes, a lot of difficulty",Kindergarten,Urban,Male,0,0,0,0,0,0,0,0,0,0,0,0,0,0,0,0,0,0,0,0,0
"Yes, a lot of difficulty",Kindergarten,Urban,Female,0,0,0,0,0,0,0,0,0,0,0,0,0,0,0,0,0,0,0,0,0
"Yes, a lot of difficulty",Primary,Rural,Male,0,0,0,0,0,0,0,0,0,0,0,0,0,0,0,0,0,0,0,0,0
"Yes, a lot of difficulty",Primary,Rural,Female,0,0,0,0,0,0,0,0,0,0,0,0,0,0,0,0,0,0,0,0,0
"Yes, a lot of difficulty",Primary,Urban,Male,0,0,0,0,0,0,0,0,0,0,0,0,0,0,0,0,0,0,0,0,0
"Yes, a lot of difficulty",Primary,Urban,Female,0,0,0,0,0,0,0,0,0,0,0,0,0,0,0,0,0,0,0,0,0
"Yes, a lot of difficulty",JSS/JHS,Rural,Male,0,0,0,0,0,0,0,0,0,0,0,0,0,0,0,0,0,0,0,0,0
"Yes, a lot of difficulty",JSS/JHS,Rural,Female,0,0,0,0,0,0,0,0,0,0,0,0,0,0,0,0,0,0,0,0,0
"Yes, a lot of difficulty",JSS/JHS,Urban,Male,0,0,0,0,0,0,0,0,0,0,0,0,0,0,0,0,0,0,0,0,0
"Yes, a lot of difficulty",JSS/JHS,Urban,Female,0,0,0,0,0,0,0,0,0,0,0,0,0,0,0,0,0,0,0,0,0
"Yes, a lot of difficulty",Middle,Rural,Male,0,0,0,0,0,0,0,0,0,0,0,0,0,0,0,0,0,0,0,0,0
"Yes, a lot of difficulty",Middle,Rural,Female,0,0,0,0,0,0,0,0,0,0,0,0,0,0,0,0,0,0,0,0,0
"Yes, a lot of difficulty",Middle,Urban,Male,0,0,0,0,0,0,0,0,0,0,0,0,0,0,0,0,0,0,0,0,0
"Yes, a lot of difficulty",Middle,Urban,Female,0,0,0,0,0,0,0,0,0,0,0,0,0,0,0,0,0,0,0,0,0
"Yes, a lot of difficulty",SSS/SHS,Rural,Male,0,0,0,0,0,0,0,0,0,0,0,0,0,0,0,0,0,0,0,0,0
"Yes, a lot of difficulty",SSS/SHS,Rural,Female,0,0,0,0,0,0,0,0,0,0,0,0,0,0,0,0,0,0,0,0,0
"Yes, a lot of difficulty",SSS/SHS,Urban,Male,0,0,0,0,0,0,0,0,0,0,0,0,0,0,0,0,0,0,0,0,0
"Yes, a lot of difficulty",SSS/SHS,Urban,Female,0,0,0,0,0,0,0,0,0,0,0,0,0,0,0,0,0,0,0,0,0
"Yes, a lot of difficulty",Secondary,Rural,Male,0,0,0,0,0,0,0,0,0,0,0,0,0,0,0,0,0,0,0,0,0
"Yes, a lot of difficulty",Secondary,Rural,Female,0,0,0,0,0,0,0,0,0,0,0,0,0,0,0,0,0,0,0,0,0
"Yes, a lot of difficulty",Secondary,Urban,Male,0,0,0,0,0,0,0,0,0,0,0,0,0,0,0,0,0,0,0,0,0
"Yes, a lot of difficulty",Secondary,Urban,Female,0,0,0,0,0,0,0,0,0,0,0,0,0,0,0,0,0,0,0,0,0
"Yes, a lot of difficulty",Voc/technical/commercial,Rural,Male,0,0,0,0,0,0,0,0,0,0,0,0,0,0,0,0,0,0,0,0,0
"Yes, a lot of difficulty",Voc/technical/commercial,Rural,Female,0,0,0,0,0,0,0,0,0,0,0,0,0,0,0,0,0,0,0,0,0
"Yes, a lot of difficulty",Voc/technical/commercial,Urban,Male,0,0,0,0,0,0,0,0,0,0,0,0,0,0,0,0,0,0,0,0,0
"Yes, a lot of difficulty",Voc/technical/commercial,Urban,Female,0,0,0,0,0,0,0,0,0,0,0,0,0,0,0,0,0,0,0,0,0
"Yes, a lot of difficulty",Post middle/secondary Certificate,Rural,Male,0,0,0,0,0,0,0,0,0,0,0,0,0,0,0,0,0,0,0,0,0
"Yes, a lot of difficulty",Post middle/secondary Certificate,Rural,Female,0,0,0,0,0,0,0,0,0,0,0,0,0,0,0,0,0,0,0,0,0
"Yes, a lot of difficulty",Post middle/secondary Certificate,Urban,Male,0,0,0,0,0,0,0,0,0,0,0,0,0,0,0,0,0,0,0,0,0
"Yes, a lot of difficulty",Post middle/secondary Certificate,Urban,Female,0,0,0,0,0,0,0,0,0,0,0,0,0,0,0,0,0,0,0,0,0
"Yes, a lot of difficulty",Post middle/secondary Diploma,Rural,Male,0,0,0,0,0,0,0,0,0,0,0,0,0,0,0,0,0,0,0,0,0
"Yes, a lot of difficulty",Post middle/secondary Diploma,Rural,Female,0,0,0,0,0,0,0,0,0,0,0,0,0,0,0,0,0,0,0,0,0
"Yes, a lot of difficulty",Post middle/secondary Diploma,Urban,Male,0,0,0,0,0,0,0,0,0,0,0,0,0,0,0,0,0,0,0,0,0
"Yes, a lot of difficulty",Post middle/secondary Diploma,Urban,Female,0,0,0,0,0,0,0,0,0,0,0,0,0,0,0,0,0,0,0,0,0
"Yes, a lot of difficulty",Tertiary/HND,Rural,Male,0,0,0,0,0,0,0,0,0,0,0,0,0,0,0,0,0,0,0,0,0
"Yes, a lot of difficulty",Tertiary/HND,Rural,Female,0,0,0,0,0,0,0,0,0,0,0,0,0,0,0,0,0,0,0,0,0
"Yes, a lot of difficulty",Tertiary/HND,Urban,Male,0,0,0,0,0,0,0,0,0,0,0,0,0,0,0,0,0,0,0,0,0
"Yes, a lot of difficulty",Tertiary/HND,Urban,Female,0,0,0,0,0,0,0,0,0,0,0,0,0,0,0,0,0,0,0,0,0
"Yes, a lot of difficulty",Tertiary - Bachelor's Degree,Rural,Male,0,0,0,0,0,0,0,0,0,0,0,0,0,0,0,0,0,0,0,0,0
"Yes, a lot of difficulty",Tertiary - Bachelor's Degree,Rural,Female,0,0,0,0,0,0,0,0,0,0,0,0,0,0,0,0,0,0,0,0,0
"Yes, a lot of difficulty",Tertiary - Bachelor's Degree,Urban,Male,0,0,0,0,0,0,0,0,0,0,0,0,0,0,0,0,0,0,0,0,0
"Yes, a lot of difficulty",Tertiary - Bachelor's Degree,Urban,Female,0,0,0,0,0,0,0,0,0,0,0,0,0,0,0,0,0,0,0,0,0
"Yes, a lot of difficulty",Tertiary - Post graduate Certificate/Diploma,Rural,Male,0,0,0,0,0,0,0,0,0,0,0,0,0,0,0,0,0,0,0,0,0
"Yes, a lot of difficulty",Tertiary - Post graduate Certificate/Diploma,Rural,Female,0,0,0,0,0,0,0,0,0,0,0,0,0,0,0,0,0,0,0,0,0
"Yes, a lot of difficulty",Tertiary - Post graduate Certificate/Diploma,Urban,Male,0,0,0,0,0,0,0,0,0,0,0,0,0,0,0,0,0,0,0,0,0
"Yes, a lot of difficulty",Tertiary - Post graduate Certificate/Diploma,Urban,Female,0,0,0,0,0,0,0,0,0,0,0,0,0,0,0,0,0,0,0,0,0
"Yes, a lot of difficulty",Tertiary - Master's Degree,Rural,Male,0,0,0,0,0,0,0,0,0,0,0,0,0,0,0,0,0,0,0,0,0
"Yes, a lot of difficulty",Tertiary - Master's Degree,Rural,Female,0,0,0,0,0,0,0,0,0,0,0,0,0,0,0,0,0,0,0,0,0
"Yes, a lot of difficulty",Tertiary - Master's Degree,Urban,Male,0,0,0,0,0,0,0,0,0,0,0,0,0,0,0,0,0,0,0,0,0
"Yes, a lot of difficulty",Tertiary - Master's Degree,Urban,Female,0,0,0,0,0,0,0,0,0,0,0,0,0,0,0,0,0,0,0,0,0
"Yes, a lot of difficulty",Tertiary - PhD,Rural,Male,0,0,0,0,0,0,0,0,0,0,0,0,0,0,0,0,0,0,0,0,0
"Yes, a lot of difficulty",Tertiary - PhD,Rural,Female,0,0,0,0,0,0,0,0,0,0,0,0,0,0,0,0,0,0,0,0,0
"Yes, a lot of difficulty",Tertiary - PhD,Urban,Male,0,0,0,0,0,0,0,0,0,0,0,0,0,0,0,0,0,0,0,0,0
"Yes, a lot of difficulty",Tertiary - PhD,Urban,Female,0,0,0,0,0,0,0,0,0,0,0,0,0,0,0,0,0,0,0,0,0
"Yes, a lot of difficulty",Other (specify),Rural,Male,0,0,0,0,0,0,0,0,0,0,0,0,0,0,0,0,0,0,0,0,0
"Yes, a lot of difficulty",Other (specify),Rural,Female,0,0,0,0,0,0,0,0,0,0,0,0,0,0,0,0,0,0,0,0,0
"Yes, a lot of difficulty",Other (specify),Urban,Male,0,0,0,0,0,0,0,0,0,0,0,0,0,0,0,0,0,0,0,0,0
"Yes, a lot of difficulty",Other (specify),Urban,Female,0,0,0,0,0,0,0,0,0,0,0,0,0,0,0,0,0,0,0,0,0
