Speech,Education,Locality,Sex,5-9,10-14,15-17,18-19,20-24,25-29,30-34,35-39,40-44,45-49,50-54,55-59,60-64,65-69,70-74,75-79,80-84,85-89,90-94,95-99,100+
No difficulty,Never attended,Rural,Male,1117,684,379,237,780,799,916,729,843,564,518,296,341,186,211,136,117,49,23,5,3
No difficulty,Never attended,Rural,Female,1240,823,398,348,1429,1419,1523,1229,1113,709,562,303,366,151,224,147,172,46,20,2,4
No difficulty,Never attended,Urban,Male,755,368,322,221,690,725,1061,976,1096,870,733,354,425,246,292,173,157,53,19,3,4
No difficulty,Never attended,Urban,Female,966,521,328,291,1487,1969,2417,1916,1886,1131,913,456,579,328,440,289,314,103,38,5,6
No difficulty,Nursery,Rural,Male,134,1,0,0,1,0,3,0,1,0,0,1,0,0,0,0,0,0,0,0,0
No difficulty,Nursery,Rural,Female,115,1,0,1,0,1,0,0,0,0,0,0,0,0,0,0,0,0,0,0,0
No difficulty,Nursery,Urban,Male,253,1,0,0,0,1,0,0,1,0,0,0,0,0,0,0,0,0,0,0,0
No difficulty,Nursery,Urban,Female,246,1,1,1,0,0,0,0,1,0,1,0,0,0,0,0,0,0,0,0,0
No difficulty,Kindergarten,Rural,Male,563,2,0,0,0,0,0,0,0,0,0,0,0,0,0,0,0,0,0,0,0
No difficulty,Kindergarten,Rural,Female,497,1,1,0,1,1,0,1,0,0,0,0,0,0,0,0,0,0,0,0,0
No difficulty,Kindergarten,Urban,Male,1166,1,0,0,2,1,1,1,0,0,0,0,0,0,0,0,0,0,0,0,0
No difficulty,Kindergarten,Urban,Female,1060,0,0,1,2,0,1,2,0,0,0,0,0,0,0,0,0,0,0,0,0
No difficulty,Primary,Rural,Male,2022,1862,91,71,131,112,68,66,38,22,16,8,7,5,1,3,3,0,0,0,0
No difficulty,Primary,Rural,Female,1681,1424,69,51,153,85,57,26,12,4,6,0,1,1,0,0,0,0,0,0,0
No difficulty,Primary,Urban,Male,3759,3246,127,102,193,123,134,90,72,41,29,20,16,11,5,3,1,0,3,0,0
No difficulty,Primary,Urban,Female,3484,2844,94,88,188,164,110,66,36,17,13,5,4,3,6,1,1,0,1,0,0
No difficulty,JSS/JHS,Rural,Male,0,332,774,214,262,166,146,95,54,27,16,2,0,0,0,0,0,0,0,0,0
No difficulty,JSS/JHS,Rural,Female,0,234,448,168,200,137,76,27,8,6,3,0,0,0,0,0,0,0,0,0,0
No difficulty,JSS/JHS,Urban,Male,0,736,1456,412,435,278,284,174,112,71,22,13,0,0,0,0,0,0,0,0,0
No difficulty,JSS/JHS,Urban,Female,0,672,1213,362,442,321,185,66,40,14,4,4,0,0,0,0,0,0,0,0,0
No difficulty,Middle,Rural,Male,0,0,0,0,0,0,0,0,0,5,6,7,5,5,2,0,1,0,0,0,0
No difficulty,Middle,Rural,Female,0,0,0,0,0,0,0,0,0,1,1,0,1,0,0,0,0,0,0,0,0
No difficulty,Middle,Urban,Male,0,0,0,0,0,0,0,0,0,6,20,19,19,18,16,6,4,1,0,0,0
No difficulty,Middle,Urban,Female,0,0,0,0,0,0,0,0,0,2,3,11,10,2,2,0,1,0,0,0,0
No difficulty,SSS/SHS,Rural,Male,0,4,144,207,498,301,156,62,44,31,3,0,0,0,0,0,0,0,0,0,0
No difficulty,SSS/SHS,Rural,Female,0,3,107,124,280,118,33,11,4,4,1,0,0,0,0,0,0,0,0,0,0
No difficulty,SSS/SHS,Urban,Male,0,10,538,900,1949,586,388,236,173,114,15,0,0,0,0,0,0,0,0,0,0
No difficulty,SSS/SHS,Urban,Female,0,4,505,755,1448,505,199,72,37,13,2,0,0,0,0,0,0,0,0,0,0
No difficulty,Secondary,Rural,Male,0,0,1,3,3,4,2,1,4,4,9,4,7,6,3,0,0,0,0,0,0
No difficulty,Secondary,Rural,Female,0,0,0,1,3,4,0,2,1,0,0,0,0,0,0,0,0,0,0,0,0
No difficulty,Secondary,Urban,Male,0,3,0,3,15,10,20,16,20,15,39,22,18,16,6,5,2,2,0,0,0
No difficulty,Secondary,Urban,Female,0,0,0,3,15,9,10,3,6,8,6,4,0,1,2,0,2,1,0,0,0
No difficulty,Voc/technical/commercial,Rural,Male,0,0,0,0,7,14,7,6,3,2,0,0,0,0,0,0,0,0,0,0,0
No difficulty,Voc/technical/commercial,Rural,Female,0,0,0,1,2,4,1,0,0,0,0,0,0,0,0,0,0,0,0,0,0
No difficulty,Voc/technical/commercial,Urban,Male,0,0,0,3,4,67,18,5,8,5,1,2,2,2,0,0,0,0,0,0,0
No difficulty,Voc/technical/commercial,Urban,Female,0,0,0,0,4,34,11,7,0,0,1,0,1,0,0,0,0,0,0,0,0
No difficulty,Post middle/secondary Certificate,Rural,Male,0,0,0,0,0,1,1,2,1,0,1,0,1,1,0,0,1,0,0,0,0
No difficulty,Post middle/secondary Certificate,Rural,Female,0,0,0,2,0,0,1,0,0,0,0,0,0,0,0,0,0,0,0,0,0
No difficulty,Post middle/secondary Certificate,Urban,Male,0,0,0,1,13,15,17,9,4,3,1,7,3,5,2,1,0,0,0,0,0
No difficulty,Post middle/secondary Certificate,Urban,Female,0,0,0,4,6,8,17,1,3,3,1,2,3,0,0,0,0,0,0,0,0
No difficulty,Post middle/secondary Diploma,Rural,Male,0,0,1,0,13,12,17,5,3,1,1,1,1,1,1,1,0,0,0,0,0
No difficulty,Post middle/secondary Diploma,Rural,Female,0,0,0,0,4,5,0,1,0,0,0,0,0,0,0,0,0,0,0,0,0
No difficulty,Post middle/secondary Diploma,Urban,Male,0,0,0,0,27,90,75,39,20,8,5,6,5,4,2,1,0,0,0,0,0
No difficulty,Post middle/secondary Diploma,Urban,Female,0,0,0,16,35,39,29,9,4,2,3,5,2,0,0,2,0,0,0,0,0
No difficulty,Tertiary/HND,Rural,Male,0,0,0,1,96,39,24,6,3,0,0,0,1,1,0,0,0,0,0,0,0
No difficulty,Tertiary/HND,Rural,Female,0,0,0,16,37,17,5,0,0,0,0,0,0,0,0,0,0,0,0,0,0
No difficulty,Tertiary/HND,Urban,Male,0,0,2,15,202,125,113,84,37,18,17,4,2,3,1,1,0,0,0,0,0
No difficulty,Tertiary/HND,Urban,Female,0,0,0,28,123,55,41,17,5,2,1,0,2,0,0,0,0,0,0,0,0
No difficulty,Tertiary - Bachelor's Degree,Rural,Male,0,0,0,47,36,28,31,20,12,4,4,1,1,7,1,0,0,0,0,0,0
No difficulty,Tertiary - Bachelor's Degree,Rural,Female,0,0,0,22,6,8,4,2,3,1,0,0,0,1,0,0,0,0,0,0,0
No difficulty,Tertiary - Bachelor's Degree,Urban,Male,0,0,1,70,68,144,217,114,111,43,27,14,17,11,2,2,0,0,0,0,0
No difficulty,Tertiary - Bachelor's Degree,Urban,Female,0,0,0,7,39,52,64,29,5,4,7,3,0,0,0,0,0,0,0,0,0
No difficulty,Tertiary - Post graduate Certificate/Diploma,Rural,Male,0,0,0,0,26,33,22,2,2,1,2,0,1,0,1,0,1,0,0,0,0
No difficulty,Tertiary - Post graduate Certificate/Diploma,Rural,Female,0,0,0,0,3,4,2,1,0,0,0,0,0,0,0,0,0,0,0,0,0
No difficulty,Tertiary - Post graduate Certificate/Diploma,Urban,Male,0,0,0,0,292,246,126,41,24,10,7,8,9,2,2,0,0,0,0,0,0
No difficulty,Tertiary - Post graduate Certificate/Diploma,Urban,Female,0,0,0,0,103,128,51,16,4,3,1,5,1,1,0,0,0,0,0,0,0
No difficulty,Tertiary - Master's Degree,Rural,Male,0,0,0,0,0,1,3,4,1,0,1,0,0,0,1,0,0,0,0,0,0
No difficulty,Tertiary - Master's Degree,Rural,Female,0,0,0,0,0,0,1,0,0,0,0,0,0,0,0,0,0,0,0,0,0
No difficulty,Tertiary - Master's Degree,Urban,Male,0,0,0,0,4,8,22,25,24,14,8,5,4,3,1,0,0,0,0,0,0
No difficulty,Tertiary - Master's Degree,Urban,Female,0,0,0,0,0,1,2,8,0,0,1,2,0,0,0,0,0,0,0,0,0
No difficulty,Tertiary - PhD,Rural,Male,0,0,0,0,0,4,0,0,0,0,0,0,0,0,0,0,0,0,0,0,0
No difficulty,Tertiary - PhD,Rural,Female,0,0,0,0,0,0,0,0,0,0,0,0,0,0,0,0,0,0,0,0,0
No difficulty,Tertiary - PhD,Urban,Male,0,0,0,0,0,1,1,2,3,1,2,1,1,0,0,1,0,0,0,0,0
No difficulty,Tertiary - PhD,Urban,Female,0,0,0,0,1,0,0,1,1,0,0,0,0,0,0,0,0,0,0,0,0
No difficulty,Other (specify),Rural,Male,0,0,0,0,0,0,3,1,0,1,0,1,0,0,0,0,0,0,0,0,0
No difficulty,Other (specify),Rural,Female,0,0,0,0,0,0,0,0,0,0,0,0,0,0,0,0,0,0,0,0,0
No difficulty,Other (specify),Urban,Male,0,0,0,0,3,1,2,1,0,2,3,0,0,0,0,0,0,0,0,0,0
No difficulty,Other (specify),Urban,Female,0,0,0,0,0,0,0,1,0,0,0,0,0,0,0,0,0,0,0,0,0
"Yes, some difficulty",Never attended,Rural,Male,10,4,1,3,4,2,6,1,5,4,9,0,3,4,3,8,9,7,2,1,0
"Yes, some difficulty",Never attended,Rural,Female,4,3,2,2,7,6,12,9,12,4,6,2,7,5,8,19,12,5,5,0,2
"Yes, some difficulty",Never attended,Urban,Male,18,7,1,4,11,11,7,7,13,16,7,5,13,1,10,7,8,6,6,0,2
"Yes, some difficulty",Never attended,Urban,Female,10,5,4,3,13,14,17,12,24,13,8,6,19,15,15,14,17,11,1,3,2
"Yes, some difficulty",Nursery,Rural,Male,0,0,0,0,0,0,0,0,0,0,0,0,0,0,0,0,0,0,0,0,0
"Yes, some difficulty",Nursery,Rural,Female,0,0,0,0,0,0,0,0,0,0,0,0,0,0,0,0,0,0,0,0,0
"Yes, some difficulty",Nursery,Urban,Male,8,0,0,0,0,0,0,0,0,0,0,0,0,0,0,0,0,0,0,0,0
"Yes, some difficulty",Nursery,Urban,Female,2,0,0,0,0,0,0,0,0,0,1,0,0,0,0,0,0,0,0,0,0
"Yes, some difficulty",Kindergarten,Rural,Male,5,0,0,0,0,0,0,0,0,0,0,0,0,0,0,0,0,0,0,0,0
"Yes, some difficulty",Kindergarten,Rural,Female,5,0,0,0,0,0,0,0,0,0,0,0,0,0,0,0,0,0,0,0,0
"Yes, some difficulty",Kindergarten,Urban,Male,8,0,0,0,0,0,0,0,0,0,0,0,0,0,0,0,0,0,0,0,0
"Yes, some difficulty",Kindergarten,Urban,Female,4,0,0,0,0,0,0,0,0,0,0,0,0,0,0,0,0,0,0,0,0
"Yes, some difficulty",Primary,Rural,Male,9,11,0,0,3,2,0,0,0,1,0,0,0,0,0,0,0,0,0,0,0
"Yes, some difficulty",Primary,Rural,Female,6,6,1,0,0,1,0,1,0,0,0,0,0,0,0,0,0,0,0,0,0
"Yes, some difficulty",Primary,Urban,Male,30,20,2,1,0,2,2,0,2,0,0,0,0,0,0,0,1,0,0,0,0
"Yes, some difficulty",Primary,Urban,Female,31,19,0,2,2,2,0,0,0,0,1,0,0,0,0,0,0,0,0,0,0
"Yes, some difficulty",JSS/JHS,Rural,Male,0,4,1,0,1,0,2,1,0,0,0,0,0,0,0,0,0,0,0,0,0
"Yes, some difficulty",JSS/JHS,Rural,Female,0,2,0,0,0,0,0,0,0,0,0,0,0,0,0,0,0,0,0,0,0
"Yes, some difficulty",JSS/JHS,Urban,Male,0,6,7,1,3,4,3,0,1,1,0,0,0,0,0,0,0,0,0,0,0
"Yes, some difficulty",JSS/JHS,Urban,Female,0,5,7,2,4,0,0,0,0,0,0,0,0,0,0,0,0,0,0,0,0
"Yes, some difficulty",Middle,Rural,Male,0,0,0,0,0,0,0,0,0,0,0,0,0,0,0,0,0,0,0,0,0
"Yes, some difficulty",Middle,Rural,Female,0,0,0,0,0,0,0,0,0,0,0,0,0,0,0,0,0,0,0,0,0
"Yes, some difficulty",Middle,Urban,Male,0,0,0,0,0,0,0,0,0,0,0,0,0,1,0,0,1,0,0,0,0
"Yes, some difficulty",Middle,Urban,Female,0,0,0,0,0,0,0,0,0,0,0,0,0,0,0,0,0,0,0,0,0
"Yes, some difficulty",SSS/SHS,Rural,Male,0,0,0,0,1,0,2,2,0,0,0,0,0,0,0,0,0,0,0,0,0
"Yes, some difficulty",SSS/SHS,Rural,Female,0,0,0,0,2,0,0,0,0,0,0,0,0,0,0,0,0,0,0,0,0
"Yes, some difficulty",SSS/SHS,Urban,Male,0,0,2,9,7,1,3,0,1,1,0,0,0,0,0,0,0,0,0,0,0
"Yes, some difficulty",SSS/SHS,Urban,Female,0,1,3,3,11,1,0,0,0,0,0,0,0,0,0,0,0,0,0,0,0
"Yes, some difficulty",Secondary,Rural,Male,0,0,0,0,0,0,0,0,0,0,0,0,0,0,0,0,0,0,0,0,0
"Yes, some difficulty",Secondary,Rural,Female,0,0,0,0,0,0,0,0,0,0,0,0,0,0,0,0,0,0,0,0,0
"Yes, some difficulty",Secondary,Urban,Male,0,0,0,0,0,0,0,0,0,0,0,0,1,0,0,0,1,0,0,0,0
"Yes, some difficulty",Secondary,Urban,Female,0,0,0,0,0,0,0,0,0,0,0,1,0,0,0,0,0,0,0,0,0
"Yes, some difficulty",Voc/technical/commercial,Rural,Male,0,0,0,0,0,0,0,0,0,0,0,0,0,0,0,0,0,0,0,0,0
"Yes, some difficulty",Voc/technical/commercial,Rural,Female,0,0,0,0,0,0,0,0,0,0,0,0,0,0,0,0,0,0,0,0,0
"Yes, some difficulty",Voc/technical/commercial,Urban,Male,0,0,0,0,0,1,0,0,0,0,0,0,0,0,0,0,0,0,0,0,0
"Yes, some difficulty",Voc/technical/commercial,Urban,Female,0,0,0,0,0,1,0,0,0,0,0,0,0,0,0,0,0,0,0,0,0
"Yes, some difficulty",Post middle/secondary Certificate,Rural,Male,0,0,0,0,0,0,0,0,0,0,0,0,0,0,0,0,0,0,0,0,0
"Yes, some difficulty",Post middle/secondary Certificate,Rural,Female,0,0,0,0,0,0,0,0,0,0,0,0,0,0,0,0,0,0,0,0,0
"Yes, some difficulty",Post middle/secondary Certificate,Urban,Male,0,0,0,0,0,0,0,0,0,0,0,0,0,0,0,0,0,0,0,0,0
"Yes, some difficulty",Post middle/secondary Certificate,Urban,Female,0,0,0,0,0,0,0,0,0,0,0,0,0,0,0,0,0,0,0,0,0
"Yes, some difficulty",Post middle/secondary Diploma,Rural,Male,0,0,0,0,0,0,0,0,0,0,0,0,0,0,0,0,0,0,0,0,0
"Yes, some difficulty",Post middle/secondary Diploma,Rural,Female,0,0,0,0,0,0,0,0,0,0,0,0,0,0,0,0,0,0,0,0,0
"Yes, some difficulty",Post middle/secondary Diploma,Urban,Male,0,0,0,0,0,1,1,0,1,0,0,0,0,0,0,0,0,0,0,0,0
"Yes, some difficulty",Post middle/secondary Diploma,Urban,Female,0,0,0,0,0,0,0,0,0,0,0,0,0,0,0,0,0,0,0,0,0
"Yes, some difficulty",Tertiary/HND,Rural,Male,0,0,0,0,0,0,1,0,0,0,0,0,0,0,0,0,0,0,0,0,0
"Yes, some difficulty",Tertiary/HND,Rural,Female,0,0,0,0,0,0,0,0,0,0,0,0,0,0,0,0,0,0,0,0,0
"Yes, some difficulty",Tertiary/HND,Urban,Male,0,0,0,0,2,0,0,0,0,0,0,0,0,0,0,0,0,0,0,0,0
"Yes, some difficulty",Tertiary/HND,Urban,Female,0,0,0,1,1,0,0,0,0,0,0,0,0,0,0,0,0,0,0,0,0
"Yes, some difficulty",Tertiary - Bachelor's Degree,Rural,Male,0,0,0,0,0,0,0,0,0,0,0,0,0,0,0,0,0,0,0,0,0
"Yes, some difficulty",Tertiary - Bachelor's Degree,Rural,Female,0,0,0,0,0,0,0,0,0,0,0,0,0,0,0,0,0,0,0,0,0
"Yes, some difficulty",Tertiary - Bachelor's Degree,Urban,Male,0,0,0,0,0,1,0,0,0,1,0,0,0,0,0,0,0,0,0,0,0
"Yes, some difficulty",Tertiary - Bachelor's Degree,Urban,Female,0,0,0,0,0,0,0,0,0,0,0,0,0,0,0,0,0,0,0,0,0
"Yes, some difficulty",Tertiary - Post graduate Certificate/Diploma,Rural,Male,0,0,0,0,0,0,0,0,0,0,0,0,0,1,0,0,0,0,0,0,0
"Yes, some difficulty",Tertiary - Post graduate Certificate/Diploma,Rural,Female,0,0,0,0,0,0,0,0,0,0,0,0,0,0,0,0,0,0,0,0,0
"Yes, some difficulty",Tertiary - Post graduate Certificate/Diploma,Urban,Male,0,0,0,0,1,0,0,0,0,0,0,0,0,0,0,0,0,0,0,0,0
"Yes, some difficulty",Tertiary - Post graduate Certificate/Diploma,Urban,Female,0,0,0,0,0,0,0,0,0,0,0,0,0,0,0,0,0,0,0,0,0
"Yes, some difficulty",Tertiary - Master's Degree,Rural,Male,0,0,0,0,0,0,0,0,0,0,0,0,0,0,0,0,0,0,0,0,0
"Yes, some difficulty",Tertiary - Master's Degree,Rural,Female,0,0,0,0,0,0,0,0,0,0,0,0,0,0,0,0,0,0,0,0,0
"Yes, some difficulty",Tertiary - Master's Degree,Urban,Male,0,0,0,0,0,0,0,1,0,0,0,0,0,0,0,0,0,0,0,0,0
"Yes, some difficulty",Tertiary - Master's Degree,Urban,Female,0,0,0,0,0,0,0,0,0,0,0,0,0,0,0,0,0,0,0,0,0
"Yes, some difficulty",Tertiary - PhD,Rural,Male,0,0,0,0,0,0,0,0,0,0,0,0,0,0,0,0,0,0,0,0,0
"Yes, some difficulty",Tertiary - PhD,Rural,Female,0,0,0,0,0,0,0,0,0,0,0,0,0,0,0,0,0,0,0,0,0
"Yes, some difficulty",Tertiary - PhD,Urban,Male,0,0,0,0,0,0,0,0,0,0,0,0,0,0,0,0,0,0,0,0,0
"Yes, some difficulty",Tertiary - PhD,Urban,Female,0,0,0,0,0,0,0,0,0,0,0,0,0,0,0,0,0,0,0,0,0
"Yes, some difficulty",Other (specify),Rural,Male,0,0,0,0,0,0,0,1,0,0,0,0,0,0,0,0,0,0,0,0,0
"Yes, some difficulty",Other (specify),Rural,Female,0,0,0,0,0,0,0,0,0,0,0,0,0,0,0,0,0,0,0,0,0
"Yes, some difficulty",Other (specify),Urban,Male,0,0,0,0,0,0,0,0,0,0,0,0,0,0,0,0,0,0,0,0,0
"Yes, some difficulty",Other (specify),Urban,Female,0,0,0,0,0,0,0,0,0,0,0,0,0,0,0,0,0,0,0,0,0
"Yes, a lot of difficulty",Never attended,Rural,Male,0,0,0,1,0,2,0,2,1,0,0,1,1,0,2,2,3,1,0,1,0
"Yes, a lot of difficulty",Never attended,Rural,Female,0,0,3,3,1,1,0,1,1,2,1,0,1,1,2,3,3,0,0,0,0
"Yes, a lot of difficulty",Never attended,Urban,Male,7,1,6,1,5,2,1,2,4,2,0,1,2,1,0,2,0,1,1,0,0
"Yes, a lot of difficulty",Never attended,Urban,Female,4,2,2,0,0,3,2,3,0,1,1,0,5,1,1,0,4,4,1,0,2
"Yes, a lot of difficulty",Nursery,Rural,Male,0,0,0,0,0,0,0,0,0,0,0,0,0,0,0,0,0,0,0,0,0
"Yes, a lot of difficulty",Nursery,Rural,Female,0,0,0,0,0,0,0,0,0,0,0,0,0,0,0,0,0,0,0,0,0
"Yes, a lot of difficulty",Nursery,Urban,Male,1,0,0,0,0,0,0,0,0,0,0,0,0,0,0,0,0,0,0,0,0
"Yes, a lot of difficulty",Nursery,Urban,Female,0,0,0,0,0,0,0,0,0,0,0,0,0,0,0,0,0,0,0,0,0
"Yes, a lot of difficulty",Kindergarten,Rural,Male,0,0,0,0,0,0,0,0,0,0,0,0,0,0,0,0,0,0,0,0,0
"Yes, a lot of difficulty",Kindergarten,Rural,Female,0,0,0,0,0,0,0,0,0,0,0,0,0,0,0,0,0,0,0,0,0
"Yes, a lot of difficulty",Kindergarten,Urban,Male,8,0,0,0,0,0,0,0,0,0,0,0,0,0,0,0,0,0,0,0,0
"Yes, a lot of difficulty",Kindergarten,Urban,Female,0,0,0,0,0,0,0,0,0,0,0,0,0,0,0,0,0,0,0,0,0
"Yes, a lot of difficulty",Primary,Rural,Male,1,1,0,1,0,0,0,0,0,0,0,0,0,0,0,0,0,0,0,0,0
"Yes, a lot of difficulty",Primary,Rural,Female,1,0,0,0,0,1,0,0,0,0,0,0,0,0,0,0,0,0,0,0,0
"Yes, a lot of difficulty",Primary,Urban,Male,17,35,1,0,1,1,1,0,0,0,0,0,0,0,0,0,0,0,0,0,0
"Yes, a lot of difficulty",Primary,Urban,Female,0,3,0,0,0,0,0,0,0,0,0,0,0,0,0,0,0,0,0,0,0
"Yes, a lot of difficulty",JSS/JHS,Rural,Male,0,1,0,0,0,0,0,0,0,0,0,0,0,0,0,0,0,0,0,0,0
"Yes, a lot of difficulty",JSS/JHS,Rural,Female,0,0,0,0,0,0,0,0,0,0,0,0,0,0,0,0,0,0,0,0,0
"Yes, a lot of difficulty",JSS/JHS,Urban,Male,0,0,15,2,1,0,1,0,0,0,0,0,0,0,0,0,0,0,0,0,0
"Yes, a lot of difficulty",JSS/JHS,Urban,Female,0,0,0,0,0,0,0,0,0,0,0,0,0,0,0,0,0,0,0,0,0
"Yes, a lot of difficulty",Middle,Rural,Male,0,0,0,0,0,0,0,0,0,0,0,0,0,0,0,0,0,0,0,0,0
"Yes, a lot of difficulty",Middle,Rural,Female,0,0,0,0,0,0,0,0,0,0,0,0,0,0,0,0,0,0,0,0,0
"Yes, a lot of difficulty",Middle,Urban,Male,0,0,0,0,0,0,0,0,0,0,0,0,0,0,0,0,0,0,0,0,0
"Yes, a lot of difficulty",Middle,Urban,Female,0,0,0,0,0,0,0,0,0,0,0,0,0,0,0,0,0,0,0,0,0
"Yes, a lot of difficulty",SSS/SHS,Rural,Male,0,0,0,0,0,0,0,0,1,0,0,0,0,0,0,0,0,0,0,0,0
"Yes, a lot of difficulty",SSS/SHS,Rural,Female,0,0,0,0,0,0,0,0,0,0,0,0,0,0,0,0,0,0,0,0,0
"Yes, a lot of difficulty",SSS/SHS,Urban,Male,0,0,0,3,0,0,0,0,0,0,1,0,0,0,0,0,0,0,0,0,0
"Yes, a lot of difficulty",SSS/SHS,Urban,Female,0,0,2,0,1,0,0,0,0,0,0,0,0,0,0,0,0,0,0,0,0
"Yes, a lot of difficulty",Secondary,Rural,Male,0,0,0,0,0,0,0,0,0,0,1,0,0,0,0,0,0,0,0,0,0
"Yes, a lot of difficulty",Secondary,Rural,Female,0,0,0,0,0,0,0,0,0,0,0,0,0,0,0,0,0,0,0,0,0
"Yes, a lot of difficulty",Secondary,Urban,Male,0,0,0,0,0,0,0,0,0,0,0,0,0,0,0,0,0,0,0,0,0
"Yes, a lot of difficulty",Secondary,Urban,Female,0,0,0,0,0,0,0,0,0,0,0,0,0,0,0,0,0,0,0,0,0
"Yes, a lot of difficulty",Voc/technical/commercial,Rural,Male,0,0,0,0,0,0,0,0,0,0,0,0,0,0,0,0,0,0,0,0,0
"Yes, a lot of difficulty",Voc/technical/commercial,Rural,Female,0,0,0,0,0,0,0,0,0,0,0,0,0,0,0,0,0,0,0,0,0
"Yes, a lot of difficulty",Voc/technical/commercial,Urban,Male,0,0,0,0,0,0,0,0,0,0,0,0,0,0,0,0,0,0,0,0,0
"Yes, a lot of difficulty",Voc/technical/commercial,Urban,Female,0,0,0,0,0,0,0,0,0,0,0,0,0,0,0,0,0,0,0,0,0
"Yes, a lot of difficulty",Post middle/secondary Certificate,Rural,Male,0,0,0,0,0,0,0,0,0,0,0,0,0,0,0,0,0,0,0,0,0
"Yes, a lot of difficulty",Post middle/secondary Certificate,Rural,Female,0,0,0,0,0,0,0,0,0,0,0,0,0,0,0,0,0,0,0,0,0
"Yes, a lot of difficulty",Post middle/secondary Certificate,Urban,Male,0,0,0,0,0,0,0,0,0,0,0,0,0,0,0,0,0,0,0,0,0
"Yes, a lot of difficulty",Post middle/secondary Certificate,Urban,Female,0,0,0,0,0,0,0,0,0,0,0,0,0,0,0,0,0,0,0,0,0
"Yes, a lot of difficulty",Post middle/secondary Diploma,Rural,Male,0,0,0,0,0,0,0,0,0,0,0,0,0,0,0,0,0,0,0,0,0
"Yes, a lot of difficulty",Post middle/secondary Diploma,Rural,Female,0,0,0,0,0,0,0,0,0,0,0,0,0,0,0,0,0,0,0,0,0
"Yes, a lot of difficulty",Post middle/secondary Diploma,Urban,Male,0,0,0,0,0,0,0,0,0,0,0,0,0,0,0,0,0,0,0,0,0
"Yes, a lot of difficulty",Post middle/secondary Diploma,Urban,Female,0,0,0,0,0,0,0,0,0,0,0,0,0,0,0,0,0,0,0,0,0
"Yes, a lot of difficulty",Tertiary/HND,Rural,Male,0,0,0,0,0,0,0,0,0,0,0,0,0,0,0,0,0,0,0,0,0
"Yes, a lot of difficulty",Tertiary/HND,Rural,Female,0,0,0,0,0,0,0,0,0,0,0,0,0,0,0,0,0,0,0,0,0
"Yes, a lot of difficulty",Tertiary/HND,Urban,Male,0,0,0,0,0,0,0,0,0,0,0,0,0,0,0,0,0,0,0,0,0
"Yes, a lot of difficulty",Tertiary/HND,Urban,Female,0,0,0,0,0,0,0,0,0,0,0,0,0,0,0,0,0,0,0,0,0
"Yes, a lot of difficulty",Tertiary - Bachelor's Degree,Rural,Male,0,0,0,0,0,0,0,0,0,0,0,0,0,0,0,0,0,0,0,0,0
"Yes, a lot of difficulty",Tertiary - Bachelor's Degree,Rural,Female,0,0,0,0,0,0,0,0,0,0,0,0,0,0,0,0,0,0,0,0,0
"Yes, a lot of difficulty",Tertiary - Bachelor's Degree,Urban,Male,0,0,0,1,0,0,0,0,0,0,0,0,0,0,0,0,0,0,0,0,0
"Yes, a lot of difficulty",Tertiary - Bachelor's Degree,Urban,Female,0,0,0,0,0,0,0,0,0,0,0,0,0,0,0,0,0,0,0,0,0
"Yes, a lot of difficulty",Tertiary - Post graduate Certificate/Diploma,Rural,Male,0,0,0,0,0,0,0,0,0,0,0,0,0,0,0,0,0,0,0,0,0
"Yes, a lot of difficulty",Tertiary - Post graduate Certificate/Diploma,Rural,Female,0,0,0,0,0,0,0,0,0,0,0,0,0,0,0,0,0,0,0,0,0
"Yes, a lot of difficulty",Tertiary - Post graduate Certificate/Diploma,Urban,Male,0,0,0,0,0,0,0,0,0,0,0,0,0,0,0,0,0,0,0,0,0
"Yes, a lot of difficulty",Tertiary - Post graduate Certificate/Diploma,Urban,Female,0,0,0,0,0,0,0,0,0,0,0,0,0,0,0,0,0,0,0,0,0
"Yes, a lot of difficulty",Tertiary - Master's Degree,Rural,Male,0,0,0,0,0,0,0,0,0,0,0,0,0,0,0,0,0,0,0,0,0
"Yes, a lot of difficulty",Tertiary - Master's Degree,Rural,Female,0,0,0,0,0,0,0,0,0,0,0,0,0,0,0,0,0,0,0,0,0
"Yes, a lot of difficulty",Tertiary - Master's Degree,Urban,Male,0,0,0,0,0,0,0,0,0,0,0,0,0,0,0,0,0,0,0,0,0
"Yes, a lot of difficulty",Tertiary - Master's Degree,Urban,Female,0,0,0,0,0,0,0,0,0,0,0,0,0,0,0,0,0,0,0,0,0
"Yes, a lot of difficulty",Tertiary - PhD,Rural,Male,0,0,0,0,0,0,0,0,0,0,0,0,0,0,0,0,0,0,0,0,0
"Yes, a lot of difficulty",Tertiary - PhD,Rural,Female,0,0,0,0,0,0,0,0,0,0,0,0,0,0,0,0,0,0,0,0,0
"Yes, a lot of difficulty",Tertiary - PhD,Urban,Male,0,0,0,0,0,0,0,0,0,0,0,0,0,0,0,0,0,0,0,0,0
"Yes, a lot of difficulty",Tertiary - PhD,Urban,Female,0,0,0,0,0,0,0,0,0,0,0,0,0,0,0,0,0,0,0,0,0
"Yes, a lot of difficulty",Other (specify),Rural,Male,0,0,0,0,0,0,0,0,0,0,0,0,0,0,0,0,0,0,0,0,0
"Yes, a lot of difficulty",Other (specify),Rural,Female,0,0,0,0,0,0,0,0,0,0,0,0,0,0,0,0,0,0,0,0,0
"Yes, a lot of difficulty",Other (specify),Urban,Male,0,0,0,0,0,0,0,0,0,0,0,0,0,0,0,0,0,0,0,0,0
"Yes, a lot of difficulty",Other (specify),Urban,Female,0,0,0,0,0,0,0,0,0,0,0,0,0,0,0,0,0,0,0,0,0
Cannot communicate at all,Never attended,Rural,Male,1,2,0,0,0,0,1,0,2,0,2,1,0,0,0,0,0,0,0,0,0
Cannot communicate at all,Never attended,Rural,Female,1,1,1,0,1,2,0,1,1,1,0,0,0,0,0,0,0,0,0,0,0
Cannot communicate at all,Never attended,Urban,Male,0,0,1,0,2,0,2,0,0,0,0,0,0,1,0,0,0,0,0,0,0
Cannot communicate at all,Never attended,Urban,Female,0,0,0,1,0,2,0,1,0,1,1,0,0,0,0,0,0,0,0,0,0
Cannot communicate at all,Nursery,Rural,Male,0,0,0,0,0,0,0,0,0,0,0,0,0,0,0,0,0,0,0,0,0
Cannot communicate at all,Nursery,Rural,Female,0,0,0,0,0,0,0,0,0,0,0,0,0,0,0,0,0,0,0,0,0
Cannot communicate at all,Nursery,Urban,Male,0,0,0,0,0,0,0,0,0,0,0,0,0,0,0,0,0,0,0,0,0
Cannot communicate at all,Nursery,Urban,Female,0,0,0,0,0,0,0,0,0,0,0,0,0,0,0,0,0,0,0,0,0
Cannot communicate at all,Kindergarten,Rural,Male,0,0,0,0,0,0,0,0,0,0,0,0,0,0,0,0,0,0,0,0,0
Cannot communicate at all,Kindergarten,Rural,Female,0,0,0,0,0,0,0,0,0,0,0,0,0,0,0,0,0,0,0,0,0
Cannot communicate at all,Kindergarten,Urban,Male,1,0,0,0,0,0,0,0,0,0,0,0,0,0,0,0,0,0,0,0,0
Cannot communicate at all,Kindergarten,Urban,Female,0,0,0,0,0,0,0,0,0,0,0,0,0,0,0,0,0,0,0,0,0
Cannot communicate at all,Primary,Rural,Male,2,1,0,0,0,0,0,0,0,0,0,0,0,0,0,0,0,0,0,0,0
Cannot communicate at all,Primary,Rural,Female,1,0,0,0,0,0,0,0,0,0,0,0,0,0,0,0,0,0,0,0,0
Cannot communicate at all,Primary,Urban,Male,2,1,0,0,0,0,0,0,0,0,0,0,0,0,0,0,0,0,0,0,0
Cannot communicate at all,Primary,Urban,Female,0,0,0,0,0,0,0,0,0,0,0,0,0,0,0,0,0,0,0,0,0
Cannot communicate at all,JSS/JHS,Rural,Male,0,1,0,0,0,0,0,0,0,0,0,0,0,0,0,0,0,0,0,0,0
Cannot communicate at all,JSS/JHS,Rural,Female,0,0,1,0,0,0,0,0,0,0,0,0,0,0,0,0,0,0,0,0,0
Cannot communicate at all,JSS/JHS,Urban,Male,0,0,0,0,0,0,0,0,0,0,0,0,0,0,0,0,0,0,0,0,0
Cannot communicate at all,JSS/JHS,Urban,Female,0,0,0,0,0,0,0,0,0,0,0,0,0,0,0,0,0,0,0,0,0
Cannot communicate at all,Middle,Rural,Male,0,0,0,0,0,0,0,0,0,0,0,0,0,0,0,0,0,0,0,0,0
Cannot communicate at all,Middle,Rural,Female,0,0,0,0,0,0,0,0,0,0,0,0,0,0,0,0,0,0,0,0,0
Cannot communicate at all,Middle,Urban,Male,0,0,0,0,0,0,0,0,0,0,0,0,0,0,0,0,0,0,0,0,0
Cannot communicate at all,Middle,Urban,Female,0,0,0,0,0,0,0,0,0,0,0,0,0,0,0,0,0,0,0,0,0
Cannot communicate at all,SSS/SHS,Rural,Male,0,0,0,0,0,0,0,0,0,0,0,0,0,0,0,0,0,0,0,0,0
Cannot communicate at all,SSS/SHS,Rural,Female,0,0,1,0,0,0,0,0,0,0,0,0,0,0,0,0,0,0,0,0,0
Cannot communicate at all,SSS/SHS,Urban,Male,0,0,0,0,1,0,0,0,0,0,0,0,0,0,0,0,0,0,0,0,0
Cannot communicate at all,SSS/SHS,Urban,Female,0,0,0,0,0,0,0,0,0,0,0,0,0,0,0,0,0,0,0,0,0
Cannot communicate at all,Secondary,Rural,Male,0,0,0,0,0,0,0,0,0,0,0,0,0,0,0,0,0,0,0,0,0
Cannot communicate at all,Secondary,Rural,Female,0,0,0,0,0,0,0,0,0,0,0,0,0,0,0,0,0,0,0,0,0
Cannot communicate at all,Secondary,Urban,Male,0,0,0,0,0,0,0,0,0,0,0,0,0,0,0,0,0,0,0,0,0
Cannot communicate at all,Secondary,Urban,Female,0,0,0,0,0,0,0,0,0,0,0,0,0,0,0,0,0,0,0,0,0
Cannot communicate at all,Voc/technical/commercial,Rural,Male,0,0,0,0,0,0,0,0,0,0,0,0,0,0,0,0,0,0,0,0,0
Cannot communicate at all,Voc/technical/commercial,Rural,Female,0,0,0,0,0,0,0,0,0,0,0,0,0,0,0,0,0,0,0,0,0
Cannot communicate at all,Voc/technical/commercial,Urban,Male,0,0,0,0,0,0,0,0,0,0,0,0,0,0,0,0,0,0,0,0,0
Cannot communicate at all,Voc/technical/commercial,Urban,Female,0,0,0,0,0,0,0,0,0,0,0,0,0,0,0,0,0,0,0,0,0
Cannot communicate at all,Post middle/secondary Certificate,Rural,Male,0,0,0,0,0,0,0,0,0,0,0,0,0,0,0,0,0,0,0,0,0
Cannot communicate at all,Post middle/secondary Certificate,Rural,Female,0,0,0,0,0,0,0,0,0,0,0,0,0,0,0,0,0,0,0,0,0
Cannot communicate at all,Post middle/secondary Certificate,Urban,Male,0,0,0,0,0,0,0,0,0,0,0,0,0,0,0,0,0,0,0,0,0
Cannot communicate at all,Post middle/secondary Certificate,Urban,Female,0,0,0,0,0,0,0,0,0,0,0,0,0,0,0,0,0,0,0,0,0
Cannot communicate at all,Post middle/secondary Diploma,Rural,Male,0,0,0,0,0,0,0,0,0,0,0,0,0,0,0,0,0,0,0,0,0
Cannot communicate at all,Post middle/secondary Diploma,Rural,Female,0,0,0,0,0,0,0,0,0,0,0,0,0,0,0,0,0,0,0,0,0
Cannot communicate at all,Post middle/secondary Diploma,Urban,Male,0,0,0,0,0,0,0,0,0,0,0,0,0,0,0,0,0,0,0,0,0
Cannot communicate at all,Post middle/secondary Diploma,Urban,Female,0,0,0,0,0,0,0,0,0,0,0,0,0,0,0,0,0,0,0,0,0
Cannot communicate at all,Tertiary/HND,Rural,Male,0,0,0,0,0,0,0,0,0,0,0,0,0,0,0,0,0,0,0,0,0
Cannot communicate at all,Tertiary/HND,Rural,Female,0,0,0,0,0,0,0,0,0,0,0,0,0,0,0,0,0,0,0,0,0
Cannot communicate at all,Tertiary/HND,Urban,Male,0,0,0,0,0,0,0,0,0,0,0,0,0,0,0,0,0,0,0,0,0
Cannot communicate at all,Tertiary/HND,Urban,Female,0,0,0,0,0,0,0,0,0,0,0,0,0,0,0,0,0,0,0,0,0
Cannot communicate at all,Tertiary - Bachelor's Degree,Rural,Male,0,0,0,0,0,0,0,0,0,0,0,0,0,0,0,0,0,0,0,0,0
Cannot communicate at all,Tertiary - Bachelor's Degree,Rural,Female,0,0,0,0,0,0,0,0,0,0,0,0,0,0,0,0,0,0,0,0,0
Cannot communicate at all,Tertiary - Bachelor's Degree,Urban,Male,0,0,0,0,0,0,0,0,0,0,0,0,0,0,0,0,0,0,0,0,0
Cannot communicate at all,Tertiary - Bachelor's Degree,Urban,Female,0,0,0,0,0,0,0,0,0,0,0,0,0,0,0,0,0,0,0,0,0
Cannot communicate at all,Tertiary - Post graduate Certificate/Diploma,Rural,Male,0,0,0,0,0,0,0,0,0,0,0,0,0,0,0,0,0,0,0,0,0
Cannot communicate at all,Tertiary - Post graduate Certificate/Diploma,Rural,Female,0,0,0,0,0,0,0,0,0,0,0,0,0,0,0,0,0,0,0,0,0
Cannot communicate at all,Tertiary - Post graduate Certificate/Diploma,Urban,Male,0,0,0,0,0,0,0,0,0,0,0,0,0,0,0,0,0,0,0,0,0
Cannot communicate at all,Tertiary - Post graduate Certificate/Diploma,Urban,Female,0,0,0,0,0,0,0,0,0,0,0,0,0,0,0,0,0,0,0,0,0
Cannot communicate at all,Tertiary - Master's Degree,Rural,Male,0,0,0,0,0,0,0,0,0,0,0,0,0,0,0,0,0,0,0,0,0
Cannot communicate at all,Tertiary - Master's Degree,Rural,Female,0,0,0,0,0,0,0,0,0,0,0,0,0,0,0,0,0,0,0,0,0
Cannot communicate at all,Tertiary - Master's Degree,Urban,Male,0,0,0,0,0,0,0,0,0,0,0,0,0,0,0,0,0,0,0,0,0
Cannot communicate at all,Tertiary - Master's Degree,Urban,Female,0,0,0,0,0,0,0,0,0,0,0,0,0,0,0,0,0,0,0,0,0
Cannot communicate at all,Tertiary - PhD,Rural,Male,0,0,0,0,0,0,0,0,0,0,0,0,0,0,0,0,0,0,0,0,0
Cannot communicate at all,Tertiary - PhD,Rural,Female,0,0,0,0,0,0,0,0,0,0,0,0,0,0,0,0,0,0,0,0,0
Cannot communicate at all,Tertiary - PhD,Urban,Male,0,0,0,0,0,0,0,0,0,0,0,0,0,0,0,0,0,0,0,0,0
Cannot communicate at all,Tertiary - PhD,Urban,Female,0,0,0,0,0,0,0,0,0,0,0,0,0,0,0,0,0,0,0,0,0
Cannot communicate at all,Other (specify),Rural,Male,0,0,0,0,0,0,0,0,0,0,0,0,0,0,0,0,0,0,0,0,0
Cannot communicate at all,Other (specify),Rural,Female,0,0,0,0,0,0,0,0,0,0,0,0,0,0,0,0,0,0,0,0,0
Cannot communicate at all,Other (specify),Urban,Male,0,0,0,0,0,0,0,0,0,0,0,0,0,0,0,0,0,0,0,0,0
Cannot communicate at all,Other (specify),Urban,Female,0,0,0,0,0,0,0,0,0,0,0,0,0,0,0,0,0,0,0,0,0
